a4ca0a,127.0.0.1,GET,http://localhost1/,1416297574,
3cefd3,127.0.0.1,GET,http://localhost1/,1416297817,
01bc78,127.0.0.1,GET,http://localhost1/,1416297827,
5f6230,127.0.0.1,GET,http://localhost1/,1416298345,
6a11da,127.0.0.1,GET,http://localhost1/patae,1416298350,
48f679,127.0.0.1,GET,http://localhost1/trol,1416298517,
df5022,127.0.0.1,GET,http://localhost1/,1416299602,
42c6a0,127.0.0.1,GET,http://localhost1/,1416900238,
341be3,127.0.0.1,GET,http://localhost1/favicon.ico,1416900238,
84d00d,127.0.0.1,GET,http://localhost1/favicon.ico,1416900239,
22b870,127.0.0.1,GET,http://localhost1/favicon.ico,1416900239,
bf615f,127.0.0.1,GET,http://localhost1/login,1416900241,
724f21,127.0.0.1,POST,http://localhost1/login_check,1416900254,
094ab1,127.0.0.1,GET,http://localhost1/login,1416900254,
c8f1c0,127.0.0.1,POST,http://localhost1/login_check,1416900261,
93296d,127.0.0.1,GET,http://localhost1/login,1416900261,
dea002,127.0.0.1,POST,http://localhost1/login_check,1416900274,
8a781b,127.0.0.1,GET,http://localhost1/,1416900274,
a0b402,127.0.0.1,GET,http://localhost1/logout,1416900331,
282e3c,127.0.0.1,GET,http://localhost1/,1416900332,
529b93,127.0.0.1,GET,http://localhost1/login,1416900333,
eca5e5,127.0.0.1,POST,http://localhost1/login_check,1416900343,
6db029,127.0.0.1,GET,http://localhost1/login,1416900344,
a1fc5d,127.0.0.1,POST,http://localhost1/login_check,1416900475,
03ce3f,127.0.0.1,GET,http://localhost1/,1416900475,
f1d61c,127.0.0.1,GET,http://localhost1/admin,1416900478,
3f5e6d,127.0.0.1,GET,http://localhost1/,1416901147,
4c98bf,127.0.0.1,GET,http://localhost1/admin,1416901148,
451955,127.0.0.1,GET,http://localhost1/admin,1416901181,
bd6357,127.0.0.1,GET,http://localhost1/admin,1416901182,
6feb08,127.0.0.1,GET,http://localhost1/admin,1416901183,
e4a2c5,127.0.0.1,GET,http://localhost1/admin,1416901185,
3667fe,127.0.0.1,GET,http://localhost1/admin,1416901188,
3bd344,127.0.0.1,GET,http://localhost1/adminff,1416901195,
0f71b3,127.0.0.1,GET,http://localhost1/admin,1416901200,
9c6ac4,127.0.0.1,GET,http://localhost1/admin,1416901253,
c51d9c,127.0.0.1,GET,http://localhost1/admin,1416901267,
95af76,127.0.0.1,GET,http://localhost1/admin/article/add,1416901280,
aa8ed2,127.0.0.1,GET,http://localhost1/admin/user/2/delete,1416901787,
7589b9,127.0.0.1,GET,http://localhost1/admin/user/2/edit,1416901800,
5eef08,127.0.0.1,GET,http://localhost1/admin,1416902241,
45b4d7,127.0.0.1,GET,http://localhost1/,1416902288,
f414db,127.0.0.1,GET,http://localhost1/article/3,1416902290,
87aa28,127.0.0.1,POST,http://localhost1/article/3,1416902295,
d29de1,127.0.0.1,GET,http://localhost1/admin,1416902306,
bbe9e6,127.0.0.1,GET,http://localhost1/admin/article/add,1416902468,
8113ba,127.0.0.1,GET,http://localhost1/admin/article/add,1416902483,
4d6f9a,127.0.0.1,POST,http://localhost1/admin/article/add,1416902506,
6e7f2c,127.0.0.1,GET,http://localhost1/admin,1416902508,
1fa478,127.0.0.1,GET,http://localhost1/,1416902509,
3a5cca,127.0.0.1,GET,http://localhost1/,1416902542,
2d48e8,127.0.0.1,GET,http://localhost1/article/2,1416902544,
ebad10,127.0.0.1,GET,http://localhost1/,1416902547,
a5dd6a,127.0.0.1,GET,http://localhost1/admin,1416902559,
c298a2,127.0.0.1,GET,http://localhost1/admin/article/4/delete,1416902658,
92404e,127.0.0.1,GET,http://localhost1/admin,1416902659,
7f42c8,127.0.0.1,GET,http://localhost1/admin,1416902866,
92bd42,127.0.0.1,GET,http://localhost1/admin/comment/4/delete,1416902872,
023ba9,127.0.0.1,GET,http://localhost1/admin,1416902872,
453187,127.0.0.1,GET,http://localhost1/admin/article/add,1416902875,
08e954,127.0.0.1,GET,http://localhost1/admin/comment/3/edit,1416902882,
3603ba,127.0.0.1,POST,http://localhost1/admin/comment/3/edit,1416902891,
38832b,127.0.0.1,POST,http://localhost1/admin/comment/3/edit,1416902897,
50de24,127.0.0.1,POST,http://localhost1/admin/comment/3/edit,1416902900,
999fff,127.0.0.1,POST,http://localhost1/admin/comment/3/edit,1416902901,
abfa72,127.0.0.1,GET,http://localhost1/admin,1416902907,
1d7861,127.0.0.1,GET,http://localhost1/admin/article/3/edit,1416902915,
af5d6a,127.0.0.1,GET,http://localhost1/admin/comment/3/edit,1416902927,
b4006d,127.0.0.1,POST,http://localhost1/admin/comment/3/edit,1416902945,
2e0a4a,127.0.0.1,GET,http://localhost1/admin/comment/3/edit,1416902949,
4f2c3b,127.0.0.1,POST,http://localhost1/admin/comment/3/edit,1416902950,
b62236,127.0.0.1,GET,http://localhost1/admin,1416903241,
29ed9f,127.0.0.1,GET,http://localhost1/admin/user/3/edit,1416903297,
e412f3,127.0.0.1,GET,http://localhost1/admin/user/3/edit,1416903373,
98b5ea,127.0.0.1,GET,http://localhost1/admin/user/3/edit,1416903522,
392371,127.0.0.1,GET,http://localhost1/,1416903527,
a90ba4,127.0.0.1,GET,http://localhost1/admin,1416903528,
318ebc,127.0.0.1,GET,http://localhost1/admin/user/3/edit,1416903531,
1a9809,127.0.0.1,GET,http://localhost1/admin/user/3/edit,1416903536,
07b4b0,127.0.0.1,GET,http://localhost1/admin,1416903743,
42ba58,127.0.0.1,GET,http://localhost1/admin,1416903832,
db8bdb,127.0.0.1,GET,http://localhost1/admin/user/2/delete,1416903840,
2b21e2,127.0.0.1,GET,http://localhost1/admin,1416903840,
9be480,127.0.0.1,GET,http://localhost/,1416904087,
ddd380,127.0.0.1,GET,http://localhost/article/1,1416904087,
08dbf5,127.0.0.1,GET,http://localhost/login,1416904087,
8078b5,127.0.0.1,GET,http://localhost/admin,1416904087,
cc8514,127.0.0.1,GET,http://localhost/admin/article/add,1416904087,
811b86,127.0.0.1,GET,http://localhost/admin/article/1/edit,1416904087,
e5e820,127.0.0.1,GET,http://localhost/admin/comment/1/edit,1416904087,
3bbfdd,127.0.0.1,GET,http://localhost1/admin/user/3/edit,1416904246,
04cb4e,127.0.0.1,GET,http://localhost1/admin/user/3/edit,1416904449,
ec534c,127.0.0.1,POST,http://localhost1/admin/user/3/edit,1416904464,
217a2a,127.0.0.1,GET,http://localhost1/admin,1416904480,
42b519,127.0.0.1,GET,http://localhost1/admin/user/add,1416904491,
aae247,127.0.0.1,POST,http://localhost1/admin/user/add,1416904505,
5a4e9a,127.0.0.1,GET,http://localhost1/admin,1416904508,
8bfd60,127.0.0.1,GET,http://localhost1/logout,1416904513,
2a94dd,127.0.0.1,GET,http://localhost1/,1416904513,
2f9d5c,127.0.0.1,GET,http://localhost1/login,1416904514,
96caed,127.0.0.1,POST,http://localhost1/login_check,1416904521,
c653f9,127.0.0.1,GET,http://localhost1/login,1416904521,
9d7bd4,127.0.0.1,POST,http://localhost1/login_check,1416904524,
312208,127.0.0.1,GET,http://localhost1/,1416904524,
a6a4ee,127.0.0.1,GET,http://localhost1/article/3,1416904529,
ce5157,127.0.0.1,POST,http://localhost1/article/3,1416904533,
639c8f,127.0.0.1,GET,http://localhost/,1416904654,
8305e8,127.0.0.1,GET,http://localhost/article/1,1416904654,
06c072,127.0.0.1,GET,http://localhost/login,1416904654,
394a07,127.0.0.1,GET,http://localhost/admin,1416904655,
43afdc,127.0.0.1,GET,http://localhost/admin/article/add,1416904655,
601a9b,127.0.0.1,GET,http://localhost/admin/article/1/edit,1416904655,
d4d2ab,127.0.0.1,GET,http://localhost/admin/comment/1/edit,1416904655,
155e74,127.0.0.1,GET,http://localhost/admin/user/add,1416904655,
3affa7,127.0.0.1,GET,http://localhost/admin/user/1/edit,1416904655,
